country,pop_growth,gdp_percapita_usd,political_stability_index,food_supply_kcalcapitaday,protein_supply_gcapitaday,protein_animal_over_protein,protein_poultry_gcapitaday,prod_poultry_over_domsupply,net_import_poultry_over_domsupply,import_poultry_over_domsupply,growth_import_poultry,growth_domsupply_poultry
Armenia,1.629044570863769,3078.9785642499996,-0.71,3072.0,97.33000000000006,45.7823898078701,5.44,23.404255319148938,74.46808510638297,74.46808510638297,9.375,17.500000000000004
Afghanistan,12.477766605580243,468.29789300000004,-2.78,1997.0,54.09,19.523017193566282,0.54,49.122807017543856,50.877192982456144,50.877192982456144,-39.583333333333336,-24.0
Albania,-0.6757031328022856,3347.70176,0.4,3400.0,119.50000000000006,55.49790794979077,6.26,27.659574468085108,80.85106382978722,80.85106382978722,52.0,11.904761904761907
Algeria,8.518732747995394,3264.3389622500003,-0.96,3345.0,92.85,27.67905223478729,1.97,99.27797833935018,0.7220216606498195,0.7220216606498195,-33.333333333333336,-4.810996563573888
Angola,14.610305183611416,2805.69259525,-0.29,2266.0,54.08999999999999,30.449251247920138,3.6,13.166144200626958,86.83385579937304,86.83385579937304,-19.00584795321637,-14.247311827956988
Antigua and Barbuda,4.272476943922365,10549.721324999999,0.76,2429.0,81.15000000000003,66.60505237215031,17.77,0.0,100.0,100.0,16.666666666666675,0.0
Argentina,4.126241260137498,9908.0566145,0.18,3239.0,102.66000000000003,63.968439509059024,13.53,110.1427115188583,-10.142711518858308,0.40774719673802245,100.0,22.47191011235956
Australia,5.717961619551115,43942.873021,0.9,3307.0,108.01000000000002,65.99388945468009,16.6,108.36891545687446,-2.220324508966695,1.3663535439795047,-5.882352941176472,8.727948003714015
Austria,3.0821198549961792,35788.4015825,1.04,3694.0,108.11,60.012949773378956,7.49,85.54913294797689,18.497109826589593,63.58381502890174,4.761904761904767,2.3668639053254337
Bahamas,3.97255759609334,21579.0614105,1.0,2043.0,61.370000000000005,68.43734723806418,14.61,23.076923076923077,92.3076923076923,92.3076923076923,26.315789473684205,8.333333333333325
Barbados,0.680980386639285,12607.7082305,0.98,2896.0,88.73999999999998,56.78386297047555,15.33,88.23529411764706,11.76470588235294,11.76470588235294,100.0,13.33333333333333
Bangladesh,4.532562011174823,985.1669375,-1.25,2596.0,60.22000000000001,19.84390567917635,0.47,99.6,0.0,0.0,0.0,13.636363636363647
Bolivia (Plurinational State of),6.170126528391084,2290.8415525,-0.3,2354.0,68.40000000000002,45.380116959064324,11.43,124.24242424242425,0.0,0.2331002331002331,0.0,17.21311475409837
Botswana,6.91048159848886,5468.2993165,1.03,2338.0,65.08999999999999,40.63604240282685,1.19,71.42857142857143,42.857142857142854,42.857142857142854,-50.0,-36.36363636363637
Brazil,3.3814411228179075,7272.45301975,-0.41,3250.0,90.86999999999999,58.10498514361174,15.68,142.2660789420958,-42.27609697455419,0.030054097375275493,0.0,10.71428571428572
Belize,8.69328782378549,3472.2043347499994,0.05,2694.0,67.11000000000001,37.8930114736999,8.26,105.26315789473684,0.0,0.0,0.0,18.75
Solomon Islands,11.32485962725962,1326.1023165000001,0.21,2410.0,53.64,29.56748695003728,1.51,0.0,200.0,200.0,200.0,50.0
Bulgaria,-2.5739606984168106,6081.4616595,0.37,2827.0,83.19000000000003,50.06611371559081,8.74,68.15286624203821,40.12738853503185,68.78980891719745,25.581395348837212,3.9735099337748325
Myanmar,2.9507852933827516,955.880621,-1.08,2701.0,93.34999999999998,47.83074450990894,9.93,99.75990396158463,0.18007202881152462,0.18007202881152462,200.0,39.18128654970761
Cameroon,11.27302558003711,1090.115334,-1.08,2652.0,69.49,16.232551446251257,1.07,98.78048780487805,0.0,0.0,-100.0,12.328767123287676
Canada,4.067162073278152,35182.95014625,1.11,3492.0,101.32999999999998,50.300996743313945,13.86,98.8834612700628,1.3258897418004187,12.70062805303559,-19.469026548672563,11.08527131782946
Cabo Verde,5.031773450995414,2496.293768,0.9,2512.0,69.33000000000001,37.097937400836564,6.52,10.0,120.0,120.0,33.33333333333333,11.111111111111116
Central African Republic,3.329156122469157,287.1669585,-1.94,1754.0,46.4,43.72844827586208,0.78,63.63636363636363,36.36363636363637,36.36363636363637,300.0,57.14285714285714
Sri Lanka,2.2503265007492113,3086.292467,-0.06,2609.0,64.27000000000001,29.12711996265753,2.64,100.0,-1.0416666666666665,0.0,0.0,82.85714285714285
Chad,13.587452090260577,566.3496735000001,-1.34,2092.0,70.51,30.86087079846831,0.15,85.71428571428571,14.285714285714285,14.285714285714285,100.0,39.99999999999999
Chile,5.115850336570449,11088.79336525,0.38,3007.0,88.56999999999996,51.42824884272329,12.21,105.95238095238095,5.952380952380952,23.065476190476193,91.35802469135803,4.510108864696738
"China, mainland",2.093455706521019,6183.55598675,-0.25,3197.0,101.44000000000005,39.50118296529966,3.96,100.41297285391772,-0.6827817851439899,2.4888497329442214,-22.602739726027398,-0.6781514902925889
Colombia,5.192645231227067,5036.2515215,-0.79,3092.0,72.31000000000002,51.40367860600193,9.57,95.19172245891662,4.625684723067559,4.747413268411442,34.48275862068966,23.34834834834836
Congo,10.555010186550806,1646.8291140000001,-0.53,2305.0,55.63000000000001,47.95973395649828,7.45,6.363636363636363,94.54545454545455,94.54545454545455,103.92156862745097,89.65517241379311
Costa Rica,4.3830094934593555,8421.926567,0.51,3013.0,81.15000000000002,56.19223659889092,7.93,99.25373134328358,10.44776119402985,12.686567164179104,112.5,12.605042016806722
Cuba,0.5010403960107768,5696.35581575,0.69,3409.0,88.4,36.855203619909496,7.12,8.47953216374269,91.22807017543859,91.22807017543859,60.00000000000001,50.66079295154184
Cyprus,3.130786298395094,20603.960154250002,0.6,2612.0,80.2,56.93266832917704,9.58,65.78947368421053,34.21052631578947,36.84210526315789,7.692307692307687,11.764705882352944
Azerbaijan,4.899617152815394,3788.932661,-0.76,3102.0,92.30000000000003,32.60021668472372,4.45,80.62015503875969,20.930232558139537,20.930232558139537,440.00000000000006,30.303030303030297
Benin,11.700698209452032,642.66652525,0.05,2754.0,64.44999999999999,22.327385570209472,4.98,11.180124223602485,76.3975155279503,76.3975155279503,-33.513513513513516,-20.68965517241379
Denmark,1.669503001430428,43941.96381925,0.87,3383.0,112.92000000000006,64.85122210414448,12.97,103.59281437125749,-3.592814371257485,79.64071856287424,31.68316831683169,10.596026490066235
Dominica,0.6223949532499606,5047.420596,1.04,2945.0,78.96000000000005,54.495947315096224,11.52,0.0,100.0,100.0,0.0,0.0
Dominican Republic,4.62640591897161,5307.4390244999995,0.16,2856.0,66.86,51.346096320670064,10.88,90.4,9.6,11.200000000000001,75.0,30.662020905923338
Belarus,0.2835993312892304,4538.334781,0.03,3289.0,94.08000000000004,54.1985544217687,9.41,174.7169811320755,-49.43396226415094,7.9245283018867925,31.25,-9.55631399317406
Ecuador,6.862255509701964,4395.8690625,-0.1,2585.0,65.77000000000002,45.52227459327959,6.15,99.70674486803519,0.0,0.0,-100.0,-0.8720930232558155
Egypt,9.09222010797941,2068.5873269999997,-1.42,3315.0,96.27000000000001,24.981821959073436,4.51,89.44,8.72,8.799999999999999,-12.0,5.57432432432432
El Salvador,1.947887591424946,2776.9457085000004,-0.25,2660.0,74.69999999999999,34.75234270414994,6.25,103.81679389312977,10.687022900763358,12.213740458015266,-5.882352941176472,3.9682539682539764
Estonia,0.02486615488885846,14672.123636,0.66,3241.0,107.29,57.31195824401155,7.27,68.96551724137932,34.48275862068966,72.41379310344827,5.000000000000004,7.407407407407418
Fiji,1.3690954797090482,3951.24648775,0.79,2941.0,73.88000000000001,42.244179750947474,9.44,88.46153846153845,11.538461538461538,11.538461538461538,200.0,36.8421052631579
Finland,1.3309292069729306,34572.45689,1.07,3337.0,117.77000000000008,62.443746285132015,7.87,116.21621621621621,3.6036036036036037,14.414414414414415,0.0,-2.631578947368418
France,1.485258482764884,29706.014505000003,0.21,3556.0,112.07999999999997,62.15203426124197,8.95,111.25238397965671,0.3178639542275906,32.16783216783217,19.621749408983447,1.7464424320827954
French Polynesia,2.1359237666834563,15391.470718999997,0.21,2917.0,97.51000000000005,66.28038149933337,16.2,6.666666666666667,100.0,100.0,-6.25,-6.25
Djibouti,6.884012439813292,1853.3579610000002,-0.71,2677.0,66.43,19.32861658889056,0.92,0.0,100.0,100.0,50.0,50.0
Georgia,-0.9876007144019705,3087.8784335,-0.37,2871.0,76.89,36.88386005982572,5.19,36.0655737704918,75.40983606557377,83.60655737704919,18.60465116279071,15.094339622641506
Gabon,13.634690113925085,6023.52842325,-0.09,2640.0,79.31000000000002,48.90934308410037,10.59,5.128205128205128,97.43589743589743,97.43589743589743,8.571428571428562,5.405405405405395
Gambia,12.740004644265547,555.08309775,-0.21,2542.0,63.48000000000001,26.11846250787649,1.24,25.0,200.0,200.0,300.0,60.00000000000001
Germany,1.8282150571004685,33703.072725,0.58,3559.0,104.07000000000001,60.61304890938792,7.96,87.0615296147211,11.270845313398505,48.4186313973548,6.852791878172582,10.834926704907577
Bosnia and Herzegovina,-5.393797673238277,3909.64476325,-0.38,3266.0,94.58,36.73080989638402,5.66,110.9090909090909,3.6363636363636362,18.181818181818183,-28.57142857142857,7.843137254901955
Ghana,9.44773579172451,1570.94097175,0.09,3034.0,62.95,24.368546465448762,2.26,28.436018957345972,71.56398104265402,71.56398104265402,-12.71676300578035,-5.803571428571431
Kiribati,5.809620910186286,1207.114959,0.9,3056.0,73.89999999999999,49.9188092016238,6.65,50.0,50.0,50.0,0.0,0.0
Greece,-1.5925701782970925,14577.010321500002,-0.13,3353.0,105.13000000000002,53.99980975934556,6.32,138.20224719101125,28.08988764044944,44.38202247191011,8.219178082191792,-3.7837837837837784
Grenada,2.499768882314868,7384.9560405,1.03,2404.0,70.57000000000002,60.6490009919229,15.5,12.5,87.5,87.5,0.0,14.28571428571428
Guatemala,8.458383966571548,2897.4970372499997,-0.57,2551.0,69.83000000000001,30.789059143634535,6.11,65.82633053221288,34.173669467787114,36.134453781512605,44.9438202247191,30.2919708029197
Guinea,10.784189250585952,615.12419,-0.61,2793.0,61.77999999999998,18.43638718031726,1.42,26.0,74.0,74.0,184.6153846153846,138.0952380952381
Guyana,2.0989483527265707,3176.69378875,-0.04,2882.0,87.58,44.42795158712034,12.33,96.875,0.0,0.0,-100.0,3.2258064516129004
Haiti,5.5928196967985455,573.788176,-0.7,2163.0,49.91,19.97595672209978,2.75,9.183673469387756,90.81632653061224,90.81632653061224,27.142857142857135,25.64102564102564
Honduras,7.165886175642466,1793.04050425,-0.55,2552.0,64.03999999999999,34.790755777638985,6.98,94.14634146341463,5.365853658536586,5.853658536585367,-29.411764705882348,25.0
"China, Hong Kong SAR",3.0688505127399734,32259.764029750004,0.85,3353.0,137.88,73.33188279663476,22.26,8.571428571428571,87.14285714285714,323.92857142857144,-23.524451939291737,-37.639198218262806
Hungary,-1.0585805888453703,11005.28397825,0.81,3289.0,87.76000000000003,56.75706472196899,9.8,185.33834586466165,-57.14285714285714,21.804511278195488,3.571428571428581,3.100775193798455
Croatia,-2.1919525753881897,10230.452633750001,0.75,3079.0,90.18000000000005,59.63628298957635,4.06,135.55555555555557,15.555555555555555,53.333333333333336,33.33333333333333,21.62162162162162
Iceland,2.2024102424607284,45814.4612625,1.37,3629.0,141.34,71.38814206877035,12.33,100.0,20.0,20.0,100.0,11.111111111111116
India,4.515362109908727,1444.5187270000001,-0.83,2515.0,65.69999999999999,22.40487062404871,0.75,96.83146681234635,-0.10925976509150505,0.0,0.0,55.654761904761905
Indonesia,5.101423855216836,2894.90398875,-0.51,2894.0,68.63,32.31822818009616,2.42,99.05294877313818,0.04304778303917348,0.04304778303917348,0.0,23.959445037353255
Iran (Islamic Republic of),5.480929025865344,4588.32512175,-0.93,3116.0,87.59000000000003,28.861742208014608,9.8,97.92792792792793,-1.7567567567567568,0.2702702702702703,-64.70588235294117,13.32312404287903
Iraq,13.257304253544877,3815.7305802499995,-2.33,2505.0,60.54,22.38189626693096,5.37,16.96113074204947,83.03886925795054,83.03886925795054,13.801452784503642,12.974051896207595
Ireland,2.9868774729591374,53611.72163774999,1.02,3714.0,105.80999999999999,57.121255079860134,11.6,85.9375,4.6875,77.34375,23.750000000000004,-1.538461538461533
Israel,6.580704115314084,29340.749925000004,-0.88,3507.0,122.62000000000003,59.174686021856125,27.87,98.89937106918238,-0.4716981132075472,0.0,0.0,21.37404580152671
Italy,0.8424425883829967,25151.612986,0.24,3522.0,106.68999999999998,53.453931952385425,7.83,112.10571184995737,-7.331628303495311,8.269394714407502,11.494252873563227,1.9113814074717572
CÃ´te d'Ivoire,10.639346120774906,1196.5055527499999,-1.09,2726.0,59.109999999999985,23.17712738961259,0.86,89.23076923076924,10.76923076923077,10.76923076923077,600.0,32.65306122448979
Kazakhstan,6.189914000943375,7679.96536725,0.02,3195.0,94.97000000000004,57.913025165841816,6.18,51.66163141993958,50.755287009063444,52.567975830815705,1.7543859649122862,8.881578947368428
Jamaica,2.1735662774004405,3746.710009,0.25,2754.0,72.83000000000003,49.388988054373186,15.71,84.21052631578947,19.736842105263158,20.394736842105264,-27.906976744186053,4.109589041095885
Japan,-0.6324085967261861,30433.607496750003,1.12,2699.0,86.51999999999998,55.536292186777615,7.24,91.7184265010352,43.850931677018636,44.26501035196687,1.2310606060605966,-3.6312849162011163
Jordan,14.871023923865101,2878.85090625,-0.53,2716.0,69.08,34.916039374638096,10.1,76.36363636363637,19.636363636363637,23.272727272727273,-23.809523809523814,13.168724279835399
Kyrgyzstan,7.998704657562161,895.63698475,-0.43,2796.0,85.28,40.478424015009374,1.08,21.875,78.125,78.125,-50.98039215686274,-43.85964912280702
Kenya,10.327686648199608,1046.55175925,-1.08,2125.0,60.86999999999998,25.266962378840148,0.23,100.0,0.0,0.0,0.0,66.66666666666667
Cambodia,6.5423617686604985,954.7866495,0.17,2468.0,65.38,29.305598042214744,0.74,73.68421052631578,26.31578947368421,26.31578947368421,900.0,35.71428571428572
Democratic People's Republic of Korea,2.0069719015991305,473.1089185000001,-0.48,2033.0,52.27000000000001,20.164530323321213,0.49,100.0,0.0,0.0,0.0,-2.2727272727272707
Republic of Korea,1.4910861235723383,22197.10192375,0.29,3370.0,96.96999999999998,50.70640404248737,5.68,98.12646370023418,15.339578454332553,16.04215456674473,4.580152671755733,8.375634517766507
Kuwait,15.021739031799243,22385.791044250003,-0.04,3445.0,99.68999999999997,47.55742802688335,15.87,29.629629629629626,70.37037037037037,72.4867724867725,-1.4388489208633115,4.419889502762442
Latvia,-4.589827561166315,11421.966796749999,0.46,3170.0,97.27000000000002,57.19132312120898,7.22,80.48780487804879,56.09756097560976,104.8780487804878,48.27586206896552,-2.3809523809523836
Lao People's Democratic Republic,6.294326024291186,1659.139787,0.43,3044.0,83.19000000000001,24.149537203990864,3.59,0.0,0.0,0.0,0.0,-100.0
Lebanon,15.328050529830616,6048.83988725,-1.59,2877.0,67.55,30.05181347150258,3.9,87.67123287671232,12.32876712328767,17.80821917808219,-23.529411764705888,-25.510204081632647
Lesotho,3.105894416153565,899.5546265,-0.25,2277.0,63.949999999999996,19.108678655199373,2.72,11.76470588235294,88.23529411764706,88.23529411764706,-11.764705882352944,-19.047619047619047
Liberia,10.683999892663799,324.63960325,-0.41,2127.0,39.91,24.55524931094964,3.74,30.0,96.0,96.0,92.0,31.578947368421062
Lithuania,-5.434482776956884,12079.80836475,0.78,3419.0,125.06000000000002,61.60243083320006,9.74,143.90243902439025,-29.268292682926827,53.65853658536586,33.33333333333333,1.2345679012345734
"China, Macao SAR",7.830826572816152,54100.60863,1.44,2999.0,100.37000000000006,66.84268207631759,11.9,15.789473684210526,121.05263157894737,121.05263157894737,35.29411764705883,-9.523809523809524
Madagascar,11.363738610977503,368.118019,-0.33,1901.0,42.94,21.471821145784816,0.97,98.78048780487805,0.0,0.0,0.0,13.888888888888884
Malawi,11.55929629656287,301.48372225,-0.27,2646.0,67.97999999999999,16.85789938217123,1.74,132.6530612244898,0.0,0.0,0.0,326.0869565217392
Malaysia,5.550671125646511,8035.8258697500005,0.16,2902.0,78.86999999999999,54.786357296817556,12.95,106.35410240592226,1.4805675508945095,4.194941394201111,44.6808510638298,9.749492213947185
Maldives,19.44426397942216,7631.64759775,0.26,2253.0,81.63000000000007,60.12495406100696,4.7,0.0,100.0,100.0,19.999999999999996,19.999999999999996
Mali,12.538567211599583,662.4948817500001,-1.91,2923.0,84.74000000000002,27.342459287231524,0.96,92.3076923076923,1.9230769230769231,1.9230769230769231,-66.66666666666667,10.63829787234043
Malta,2.764747706798776,21764.29268325,1.27,3460.0,116.32,57.573933975240735,12.68,28.57142857142857,64.28571428571429,64.28571428571429,0.0,7.692307692307687
Mauritania,12.182756541333116,1110.77519,-0.62,2842.0,79.82000000000004,36.87045853169631,1.59,22.727272727272727,109.09090909090908,109.09090909090908,41.176470588235304,0.0
Mauritius,0.7206169570800114,7662.00197875,0.99,3125.0,88.41000000000004,43.73939599592806,13.06,97.95918367346938,4.081632653061225,4.081632653061225,0.0,0.0
Mexico,5.007409879968439,7109.096839999999,-0.65,3258.0,93.30000000000004,46.934619506966776,9.26,77.00876985067552,22.82531405546338,23.038634747570512,14.487632508833915,14.491180461329712
Mongolia,8.050375617107552,2964.7195202499997,0.82,2369.0,82.35000000000001,68.17243472981177,0.95,0.0,111.11111111111111,111.11111111111111,25.0,0.0
Morocco,5.5331843443988005,2426.52235725,-0.41,3378.0,98.03000000000002,27.991431194532286,7.29,102.14477211796248,0.2680965147453083,0.40214477211796246,-25.0,8.746355685131203
Mozambique,12.082049219594637,386.13206775000003,-0.98,2301.0,51.180000000000014,17.565455255959353,1.2,79.3103448275862,20.689655172413794,20.689655172413794,140.0,222.22222222222223
Republic of Moldova,-0.36585267085701423,1594.355406,-0.24,2397.0,63.32,48.689197725837026,5.53,81.81818181818183,24.242424242424242,24.242424242424242,-15.789473684210531,4.761904761904767
Namibia,7.572168982604932,3953.86041075,0.63,2429.0,62.0,36.709677419354854,4.25,39.285714285714285,60.71428571428571,103.57142857142858,61.111111111111114,0.0
Nepal,2.659633337448497,598.30808125,-0.66,2864.0,73.58,17.205762435444417,0.67,100.0,0.0,0.0,0.0,34.883720930232556
Netherlands,1.0558671231196248,37687.451173,0.92,3251.0,104.43000000000004,65.5367231638418,8.48,295.6989247311828,-217.74193548387095,163.44086021505376,6.2937062937062915,-13.888888888888884
New Caledonia,4.8849160996359275,27168.17796675,0.21,2750.0,83.12000000000005,58.08469682386909,14.05,9.090909090909092,81.81818181818183,81.81818181818183,-18.181818181818176,0.0
North Macedonia,0.28558808554830506,3926.12540875,-0.25,2996.0,80.53000000000002,40.866757730038486,7.01,4.878048780487805,95.1219512195122,97.5609756097561,5.263157894736836,2.499999999999991
Vanuatu,11.251388158279262,2270.3857024999998,0.71,2623.0,63.71999999999999,39.78342749529191,4.05,33.33333333333333,133.33333333333331,133.33333333333331,100.0,0.0
New Zealand,4.061489228208837,30730.46663875,1.59,3153.0,90.79999999999998,57.19162995594716,12.02,132.73809523809524,-13.095238095238097,0.5952380952380952,0.0,6.329113924050622
Nicaragua,5.31779441899547,1623.0498805000002,-0.05,2627.0,65.99999999999997,33.39393939393941,6.91,103.6231884057971,4.3478260869565215,4.3478260869565215,0.0,6.153846153846154
Niger,16.742617559687933,354.018693,-1.3,2575.0,81.86000000000001,15.233325189347664,0.32,90.47619047619048,14.285714285714285,14.285714285714285,50.0,10.526315789473696
Nigeria,11.124115638934784,1737.260281,-1.94,2460.0,55.90000000000001,12.737030411449012,0.31,99.5049504950495,0.0,0.0,-100.0,-32.89036544850499
Norway,4.269572227729168,60315.15524000001,1.15,3384.0,109.98,58.647026732133114,7.81,99.01960784313727,1.9607843137254901,1.9607843137254901,0.0,-3.7735849056603765
Pakistan,8.702986956982684,1063.89058075,-2.4,2325.0,66.24999999999997,42.05283018867926,1.97,99.9219968798752,-0.15600624024961,0.15600624024961,0.0,40.57017543859649
Panama,7.0743996443688895,10325.907874499999,0.39,2839.0,79.42000000000002,53.14782170737848,10.34,103.125,10.416666666666668,10.416666666666668,33.33333333333333,20.75471698113207
Czechia,0.514814434527322,15459.5525325,1.02,3275.0,86.47999999999999,61.482423681776154,7.5,65.46184738955823,35.7429718875502,46.58634538152611,14.851485148514843,22.058823529411775
Paraguay,5.4803360103319765,3897.0788445,0.12,2741.0,71.85000000000002,46.79192762700068,1.8,109.75609756097562,-7.317073170731707,2.4390243902439024,0.0,-4.651162790697672
Peru,5.6099675196338294,4753.04221575,-0.26,2767.0,78.38000000000002,37.637152334779266,6.71,96.19172685489166,3.8739330269205516,3.939592908732764,93.5483870967742,23.720552396425674
Philippines,6.373289061752918,2266.84240775,-1.24,2666.0,62.66,41.062879029684005,4.65,83.62919132149902,16.23931623931624,16.370808678500985,151.5151515151515,29.88898377455167
Poland,-0.5368750455506777,10767.67874375,0.52,3526.0,103.01999999999997,53.78567268491557,12.14,203.37370242214533,-83.91003460207612,4.757785467128028,12.244897959183664,7.235621521335811
Portugal,-1.7616120506203536,15872.281143,1.08,3494.0,114.41,63.54339655624508,12.74,111.07692307692307,11.692307692307692,25.23076923076923,28.125,-1.2158054711246202
Guinea-Bissau,10.913966588907664,491.40443899999997,-0.6,2252.0,44.13,21.142080217539093,0.74,75.0,100.0,100.0,300.0,33.33333333333333
Timor-Leste,7.800612853270739,1690.87638925,0.03,2142.0,57.68999999999999,27.093083723348936,1.46,20.0,220.00000000000003,220.00000000000003,83.33333333333333,-16.666666666666664
Zimbabwe,6.638181569908186,882.8878645,-0.77,2167.0,51.19999999999999,22.695312500000007,1.59,90.78947368421053,7.894736842105263,7.894736842105263,0.0,8.571428571428562
Romania,-2.3782462984737185,7948.234304,0.06,3525.0,106.61999999999999,49.005815044081785,7.91,102.88713910761156,20.209973753280842,38.320209973753286,62.22222222222222,14.071856287425156
Rwanda,10.81643518248745,569.8934442500001,0.04,2210.0,59.2,14.763513513513516,0.5,100.0,0.0,0.0,0.0,18.75
Russian Federation,0.8346643009577548,8090.833130749999,-0.67,3362.0,101.87000000000005,54.76587807990575,10.44,97.54170324846356,2.436347673397717,4.960491659350307,-57.35849056603774,15.137730603992928
Saint Kitts and Nevis,3.4054558820607594,12630.24469575,0.64,2517.0,76.86,64.14259692948218,19.22,0.0,100.0,100.0,0.0,0.0
Saint Lucia,1.9384495783407507,7134.6908805,1.15,2658.0,86.25999999999998,60.537908648272676,19.0,9.090909090909092,90.9090909090909,90.9090909090909,-16.666666666666664,-15.384615384615385
Saint Vincent and the Grenadines,1.1093516967096928,5240.66030925,0.9,2962.0,89.17000000000002,54.36806100706515,25.1,0.0,112.5,112.5,12.5,0.0
Sao Tome and Principe,7.8100027591664345,1186.6455919999999,0.22,2417.0,51.99999999999999,30.403846153846164,3.21,50.0,100.0,100.0,100.0,0.0
Saudi Arabia,10.146126759567453,15436.15714675,-0.62,3194.0,87.50999999999998,42.280882184893166,15.57,42.926829268292686,49.61672473867596,50.31358885017422,-17.86120591581343,1.4851485148514865
Senegal,11.876945593895538,1014.190847,-0.04,2611.0,60.47000000000001,21.514800727633535,1.61,100.0,0.0,0.0,0.0,18.461538461538463
Sierra Leone,9.097373666972587,394.83906275000004,0.03,2452.0,55.66000000000001,23.859144807761407,1.24,56.666666666666664,46.666666666666664,46.666666666666664,0.0,0.0
Slovenia,0.6438822942063105,17800.64430725,0.89,3200.0,98.29000000000003,55.03103062366465,8.72,138.46153846153845,-17.307692307692307,38.46153846153847,17.647058823529417,4.0000000000000036
Slovakia,0.4827799270527233,13616.947515999998,0.88,2771.0,62.24999999999998,59.261044176706854,4.74,95.94594594594594,37.83783783783784,85.13513513513513,5.000000000000004,-13.953488372093027
South Africa,6.188886530160542,4844.33047175,-0.27,2987.0,83.36000000000001,41.45873320537426,14.11,78.7063267233239,21.29367327667611,24.268177525967893,44.38202247191012,6.80786686838124
Spain,-0.6032892643183074,22055.0615785,0.27,3270.0,106.99000000000002,62.17403495653798,12.47,101.20240480961924,-0.46760187040748163,13.694054776219106,19.883040935672526,10.154525386313473
Suriname,4.239974711807792,5460.5100225,0.14,2694.0,60.15,41.13050706566915,9.27,40.0,52.0,72.0,-14.28571428571429,-13.793103448275868
Tajikistan,10.180180101935932,696.01523775,-0.67,2099.0,55.37999999999999,24.304803178042615,1.45,5.0,95.0,95.0,89.99999999999999,90.47619047619047
Eswatini,3.4928687952169746,2561.05219475,-0.3,2406.0,61.220000000000006,29.5655014701078,2.23,85.71428571428571,28.57142857142857,28.57142857142857,0.0,-12.5
Sweden,2.982735732608477,41323.41764725,0.98,3214.0,107.03000000000002,63.16920489582358,7.09,83.9572192513369,32.62032085561498,44.919786096256686,15.068493150684926,5.0561797752809
Switzerland,4.2783477566193495,60127.269148750005,1.21,3414.0,95.46000000000002,61.31363922061595,6.49,68.42105263157895,35.338345864661655,38.34586466165413,-8.92857142857143,0.7575757575757569
Turkmenistan,7.291491579609177,5244.911026000001,-0.15,2872.0,92.84,43.106419646704,1.53,74.07407407407408,33.33333333333333,33.33333333333333,800.0,28.57142857142858
"China, Taiwan Province of",1.0800465997557351,50593.0,0.89,2976.0,85.71000000000004,49.53914362384784,11.01,83.05732484076434,19.49044585987261,20.50955414012739,38.793103448275865,4.666666666666663
United Republic of Tanzania,12.740947474739105,703.0622754999999,-0.58,2390.0,59.749999999999986,15.631799163179918,0.63,97.22222222222221,1.8518518518518516,1.8518518518518516,0.0,19.999999999999996
Thailand,1.563283491123979,4743.52144925,-0.76,2826.0,60.94000000000002,42.94387922546766,4.35,190.2383654937571,-90.12485811577753,0.22701475595913734,-81.81818181818181,-6.772486772486774
Togo,10.694201723663443,458.82094425,-0.74,2426.0,57.31000000000002,16.07049380561856,2.39,74.07407407407408,29.629629629629626,29.629629629629626,23.076923076923084,19.999999999999996
Trinidad and Tobago,2.2424416581775963,12113.33208525,0.29,3039.0,84.66000000000001,49.92912827781715,16.63,80.26315789473685,30.263157894736842,30.263157894736842,-7.9999999999999964,-16.483516483516482
Oman,23.93541659251501,11873.362113250001,0.74,2924.0,85.03999999999998,49.62370649106303,7.38,6.140350877192982,96.49122807017544,110.5263157894737,6.779661016949157,0.0
Tunisia,4.386872542386078,2890.44004525,-1.05,3469.0,98.96999999999996,28.49348287359807,6.28,109.23076923076923,-2.051282051282051,0.0,-100.0,-3.9408866995073843
Turkey,6.836952799839402,9327.46752525,-1.8,3538.0,101.2,35.33596837944664,6.99,130.94384707287935,-25.448028673835125,0.17921146953405018,100.0,18.976545842217483
United Arab Emirates,3.145203638652716,30208.68215625,0.63,3370.0,107.26000000000002,40.88196904717506,14.8,11.650485436893204,82.28155339805825,105.09708737864078,15.466666666666672,7.291666666666674
Uganda,15.330278018314235,472.974306,-0.56,2143.0,52.319999999999986,20.775993883792054,0.51,98.48484848484848,0.0,0.0,0.0,15.789473684210531
United Kingdom of Great Britain and Northern Ireland,2.6828796581953362,32199.232769000002,0.26,3428.0,103.87000000000006,56.30114566284774,13.77,81.19964189794091,18.800358102059086,34.87018800358102,-4.064039408866993,6.838833094213292
Ukraine,-1.7649089143341623,1894.78864925,-1.89,3033.0,86.15,43.38943702843876,7.58,120.01982160555005,-15.064420218037661,11.992071357779981,63.51351351351351,-8.189262966333033
United States of America,2.7446912874718343,43018.29679525,0.3,3762.0,113.61000000000004,65.02948684094709,19.93,119.97153180773022,-19.53903427132377,0.6733822402277456,21.78217821782178,13.453416149068321
Burkina Faso,12.420053318776048,530.0494412500001,-0.92,2720.0,76.08000000000001,14.379600420609886,0.77,100.0,0.0,0.0,0.0,21.052631578947366
Uruguay,1.392500183658485,11916.129566,1.06,3151.0,84.26000000000002,53.536672205079505,2.97,100.0,0.0,9.090909090909092,-25.0,-66.66666666666667
Uzbekistan,6.7723883009148,1685.00850525,-0.28,3020.0,93.52000000000002,40.055603079555176,0.63,0.0,0.0,0.0,-100.0,-100.0
Venezuela (Bolivarian Republic of),-1.2711308940184796,6042.34985175,-1.18,2247.0,56.3,45.11545293072824,7.23,95.84664536741214,3.993610223642172,3.993610223642172,-91.0394265232975,-47.571189279731996
Viet Nam,4.240160986255925,1619.29664125,0.31,2938.0,90.02999999999999,40.875263800955246,4.01,76.11940298507463,24.046434494195687,24.129353233830848,-41.800000000000004,6.443071491615182
Ethiopia,11.546924417406434,485.90962225,-1.69,2304.0,65.64000000000001,8.912248628884821,0.04,100.0,7.142857142857142,7.142857142857142,100.0,-77.41935483870968
Samoa,2.429765412808438,3059.3379092500004,1.2,2971.0,85.7,61.83197199533254,21.88,0.0,113.33333333333333,113.33333333333333,30.76923076923077,7.14285714285714
Yemen,10.687948264748837,515.8141545000001,-2.96,2062.0,53.239999999999995,20.06010518407213,3.04,68.29268292682927,31.70731707317073,31.70731707317073,-28.44036697247706,-6.106870229007633
Zambia,12.910255716259567,1115.4606205000002,0.11,2008.0,59.06,19.776498476125976,1.15,81.66666666666667,18.333333333333332,20.0,500.0,25.0
Belgium,2.3824528023959957,32988.01662525,0.42,3770.0,101.35000000000004,57.109028120374916,4.57,304.60526315789474,-209.21052631578948,222.3684210526316,34.12698412698412,6.2937062937062915
Luxembourg,9.09576820996756,81059.3191255,1.34,3334.0,105.79000000000002,63.69222043671423,7.19,0.0,90.9090909090909,100.0,10.000000000000009,0.0
Serbia,-1.0009750076915291,4580.333115999999,0.1,2799.0,82.43000000000002,48.538153584859884,3.5,94.44444444444444,5.555555555555555,13.333333333333334,0.0,-10.89108910891089
Montenegro,0.1944615188115062,5609.03511525,0.01,3478.0,113.12000000000006,60.7054455445544,5.79,40.0,80.0,80.0,14.28571428571428,0.0
Sudan,10.090611517146787,1722.8320059999999,-2.01,2431.0,67.88,31.14319387153801,0.54,97.10144927536231,2.898550724637681,2.898550724637681,0.0,43.75
